year,month,day,initial,score,country
2017,9,15,TQU,643896,CN
1996,1,10,ODR,2643122,ES
1988,4,9,WPK,3243879,AU
2006,12,14,WEQ,595851,CA
1985,2,2,ZRK,2830878,AT
2015,3,2,LZA,N/A,GB
2014,5,28,UOQ,2548491,CA
1981,8,7,THR,828007,JP
1991,8,27,VXP,342747,AT
2002,1,24,WHT,N/A,US
1980,1,2,CJQ,315936,NZ
2000,5,6,ZVA,730540, 
1997,12,4,AGU,2699300,AU
2006,3,6,IMY,3152090,CA
1982,2,1,NZA,2805510,US
2015,6,27,HVG,3330426,NZ
1985,11,2,SGC,145251,GB
2010,2,13,JLH,3289194,ES
1984,5,6,CTF,332437,NZ
2009,10,28,RUF,663321,CN
1998,8,7,UDA,184942,CN
1992,5,26,ZPY,3179339,AU
2014,2,24,GXL,30418,JP
2018,3,13,FUY,2093366,GB
2016,1,17,BEZ,1158854,CN
2004,9,7,ZAT,1993202,GB
1999,4,26,ZUY,818576,GB
2009,9,25,IDM,2340298,CA
1987,2,7,FJT,1512345,NZ
2008,3,12,TED,3156341,ES
1985,2,3,CGQ,1393793,CN
2018,10,27,JCA,855175,CA
2012,10,8,QGR,1134989,US
1992,12,19,XNV,3054029,CA
1986,2,22,GYL,2884052,CA
1991,10,2,OSD,110762,AU
1985,4,17,NCT,488301,JP
1990,5,17,THM,1918449,NZ
2009,6,20,TED,1306441,AT
2010,12,21,XBD,1567915,CA
1987,3,10,PYZ,2147443,CA
2002,12,11,KNZ,1247387,CN
2014,5,19,HOM,1592165,AT
2008,4,3,EFT,480081,ES
2014,7,9,URB,1746934,JP
1989,1,17,EML,3144252,GB
1994,2,6,UGP,175047,CA
2002,10,11,NYR,382524,AT
1992,1,1,OQV,3016275,AT
2003,6,24,NTM,3235595,CA
1994,1,21,AFK,2029685,CA
1995,9,10,FCR,2204191,JP
2002,6,5,KYI,1845249,AT
1992,10,20,ITF,N/A,AU
1989,8,18,AID,1564894,NZ
2004,9,22,NPT,2986098,AT
2000,5,6,PCJ,3324886, 
2014,8,8,HKG,1198398,CA
1995,7,17,PCS,598653,GB
1997,5,17,GZQ,2597786,AU
2009,5,8,QNL,3257632,ES
1988,5,8,TUW,1453523,US
2014,5,2,AFP,2696697,AU
2013,2,24,NUF,1441382,JP
1986,12,26,FJW,1838857,NZ
1984,3,13,FYP,2992008, 
1992,8,7,NUB,3051028,NZ
2014,1,18,POD,1766957,AT
1993,10,13,ZRI,1688303, 
1993,9,26,XYV,2020497,AT
2018,4,16,QYU,1780943,AU
1987,1,4,ION,2244587,AT
1987,12,7,KLI,46902,US
2017,10,8,UOX,2966525,AT
2000,8,22,BQL,1165914,NZ
1996,9,11,LFE,1055688,ES
1982,4,18,CDQ,695376,AU
2007,6,11,HBR,1732886,GB
1995,12,15,KBJ,929839,AU
2000,2,12,MOV,3063428,AT
1999,1,5,SCP,2501762,US
2009,3,12,TSV,N/A,CA
2013,6,18,YFK,N/A,AT
1998,6,6,RTB,976196,AU
2013,11,19,VQZ,901350,CA
2016,9,2,XVA,1287552,AU
2015,7,10,ASX,1030102,ES
1983,9,23,HWS,1093258,NZ
1996,3,27,SLF,3053323,CA
2012,4,1,NUB,724479,AU
1998,7,18,FGU,324912,GB
2009,10,2,ZLT,N/A,ES
1989,7,20,TNJ,2067756,GB
2004,12,1,VHC,3020729,GB
1997,4,11,KTR,1703136,GB
1990,9,24,ZWK,2888921,JP
1985,12,3,QCX,250005,JP
2018,12,24,TIQ,1577181, 
1987,4,4,PKO,3032792,GB
1991,9,1,DWJ,1949851,ES
2013,2,11,NCX,N/A,JP
1993,4,2,VJI,1606665,NZ
2012,4,1,YSD,2188762,US
2009,4,25,JCA,712428,US
1998,2,27,ZOF,2100818,NZ
1998,1,8,YVJ,59095,CA
1984,6,15,PLT,1877662,AT
2004,2,23,BPC,420887,NZ
2003,12,18,TZC,584158,US
1988,11,25,AXG,474616,GB
1986,9,24,DKU,3310559,NZ
2017,11,20,YLH,2335837,CA
2012,6,25,XWE,3192035,US
1990,11,4,HNP,343153,AT
1982,10,19,TWC,515689,NZ
1995,10,18,SNZ,87014,JP
1980,1,7,XRB,672053,AU
2010,10,3,PLF,1794121,AU
1988,6,24,YZB,2916735,AT
1990,3,11,OKR,241461,AT
1987,3,14,ZES,2192148,GB
2011,12,28,WKM,2900440,US
1996,6,26,WOF,1216938,AT
2008,7,6,KID,2526453,CN
2011,11,19,DAG,2488228,CA
1990,12,5,GRA,2504049,CN
2009,7,4,PZY,2178102,AT
1994,11,22,BYS,688287,CN
2014,2,22,JVQ,658374,GB
1980,7,24,BNE,1501569,AT
1998,6,24,QOD,1082978,JP
1994,2,28,WMG,1386455,CN
1985,12,24,FSJ,1147273,ES
1984,3,19,JTG,742650,AU
1999,8,19,KAJ,1093628,JP
1997,2,6,DSM,970974,GB
2007,11,21,ZFE,856266,CN
2011,9,9,CHL,2568825,GB
1988,10,6,EUX,1669193,CN
1980,2,4,BOQ,29163,CN
2002,11,24,ROD,2058747,CA
2006,2,23,TGQ,3100005,AU
1984,3,12,ILO,1368943,NZ
1997,4,21,MDN,2581768,GB
2006,10,21,OQJ,1623256,ES
2002,5,24,LRX,1754384,CA
1983,4,5,LFU,1623119,US
2012,1,27,DPU,2464460,JP
1980,4,16,RFA,16932,CA
1997,7,24,UPT,2336289,CA
1994,10,24,SFO,763828, 
1983,1,15,OEM,3331474,GB
2013,1,21,UYV,1738826,JP
1997,4,14,MSQ,49024,US
1994,12,11,LYR,545972,NZ
1989,5,25,QTV,2972448,JP
1983,10,24,RTS,3021383,US
2009,5,24,PAO,1799849,AU
1982,10,9,ZJF,3182395,AU
1997,6,8,KIH,926858,CA
2002,5,13,PFU,2012444,AT
1980,7,27,WFT,296324,GB
1991,8,14,MKG,N/A,AU
1998,1,12,LHM,2816937,US
2002,7,23,MKW,983139,JP
2000,12,15,VKW,2211271,AT
2008,8,14,CTY,540861,NZ
1983,3,8,UXB,2958296,JP
2013,8,22,TCW,2366283,JP
2014,3,22,XMV,613584,JP
1994,6,1,LYJ,410351,CA
2013,5,1,IGR,612375,CA
1983,7,26,WNQ,1126551,GB
2003,10,23,IEU,2774657,CA
2013,3,16,LSR,871815,NZ
1988,3,21,AEG,1257026,AT
1982,11,21,YGD,1862249,US
2003,7,8,MXU,N/A, 
1987,3,17,OAG,622183,AT
2005,1,6,UJG,2141171,NZ
2005,5,14,RTU,2083420,ES
2012,7,10,TDK,1537559,ES
1989,10,8,JQP,1893243,NZ
2005,7,24,IEZ,1594956, 
2016,11,20,LND,2952344,JP
1984,5,24,DYQ,2992375,GB
2014,4,3,XPM,167486,AU
2002,11,21,UPS,879909, 
2000,6,23,AEP,1524330,NZ
1996,2,12,NJB,3016586,AT
1993,3,4,JKS,2891624,NZ
1999,9,25,UOK,1151203,GB
1980,11,25,WNQ,N/A,ES
2011,11,6,WUZ,2100276,CN
2007,2,22,OBZ,859360,ES
2006,3,27,NGJ,3065309,GB
1993,9,13,RMK,137936,CA
1983,4,14,HGF,1552516,CN
1994,9,9,PBM,N/A,US
1993,4,28,JDS,1338832,GB
1983,3,26,BSO,1004623,JP
2018,5,16,KZS,3165590,ES
1988,5,25,LNI,2427715,NZ
1984,11,18,OIJ,1056511,ES
1984,4,7,URT,880349,AU
2007,11,7,ODK,272723, 
2015,9,10,NCU,2506906,JP
1995,10,17,RYT,849288,NZ
2010,2,17,LYB,546032,US
1986,10,12,TFC,697629, 
2014,5,13,EJR,236346,ES
1989,10,20,ZWY,873355,US
2000,8,26,EMO,1910195,JP
1985,6,2,PIR,2295225,AU
2001,3,2,ZXW,779791,US
2013,5,9,KYU,1095467,JP
1997,3,13,XWA,1779567,AT
1987,1,8,NWK,2584816,US
1987,7,4,YPB,1775289,JP
2009,1,17,OFI,2740021,ES
2003,4,15,CNF,605733,US
2015,6,24,ACT,2479388,AT
2001,4,18,NHD,1068419,AT
2018,2,6,LKH,2707808,NZ
1981,5,18,AXC,3276479,GB
2000,2,5,RMJ,2912151,JP
1981,1,28,OBQ,579698,AU
2015,3,14,ALI,N/A,US
2001,5,13,XBF,2243347,CN
2001,7,12,GYL,2087350,GB
2005,5,22,SVL,1908781,ES
1984,7,18,OTJ,132995,US
1987,10,25,HTV,2011288,AU
1998,2,16,UNK,N/A,NZ
2009,3,16,HFY,1285304,CA
2016,12,13,SUK,1585639,ES
1990,10,19,RNE,2943020, 
2004,2,8,RSP,1244957,ES
2012,7,20,VHI,2685396,AT
2010,9,8,CBJ,2536183,ES
2018,11,13,EMK,2970741,JP
1994,9,20,EZO,3320083,AU
2015,7,26,CEG,1203893,AT
2014,3,12,NZV,2046902,JP
2012,8,20,CPQ,3163273,AU
1994,12,25,AFK,1881420,CA
2009,6,26,TVF,251069,AT
1985,12,4,RBL,2697488, 
1981,4,20,GXH,435602,US
2008,12,9,RUZ,331712,GB
1986,12,16,EXI,2253656,NZ
2012,3,6,HKT,2758717,AT
2018,1,27,BDM,1215550, 
2001,12,1,KGD,1521259,GB
2005,5,9,XHP,125510, 
2002,2,6,TFP,2094711,CA
1986,3,18,YPF,2300998,CN
1994,9,21,KLR,1743706,JP
2011,9,23,LTZ,127450,GB
2005,10,23,URB,1755659,JP
1989,7,1,KJV,287006,AT
1985,9,27,XJE,985271, 
1993,7,14,DMV,2273190,GB
2014,7,3,IDL,47520,GB
1995,12,2,CWN,638989,AU
2018,4,5,NAH,531501,GB
1994,3,13,GNS,2378486,ES
2000,10,11,RAF,2933785,CA
1991,8,13,PNT,607969,AU
2011,6,25,UTM,N/A,AU
2003,5,12,BPR,2243524,CA
1985,2,11,KMO,2127834,CN
2006,4,27,QYB,1480503,CA
2018,11,17,KNR,2136088,JP
1989,4,1,MYP,1672738,NZ
2007,11,16,XUD,1464662,GB
2018,2,13,HAX,2827354,GB
2007,3,15,DPN,294536,NZ
2007,9,17,RAC,2500532,AU
1985,3,15,NYW,1785118,CA
2016,11,11,FSN,3204034,US
1980,12,25,LVE,2828358,CA
1980,9,7,CET,1125659,AU
2006,8,1,WGY,390904,NZ
2016,7,12,TEB,143318,GB
1997,11,19,JFG,1615612,AU
2005,7,28,XOL,787776,GB
2014,3,15,CRM,191999,CA
2003,9,2,DSB,976525,JP
1985,2,27,SBZ,2906637,US
1988,7,26,ENU,176369,AT
1997,1,5,QCO,2471517,US
2004,3,1,LPM,2249194,JP
2014,11,24,FML,293323,AU
2017,12,16,YWQ,2921249, 
2017,6,15,WIT,231257,US
1997,3,2,KXM,3133784,GB
2007,1,16,JEQ,1183557,AT
2010,4,28,OMB,1686315,ES
1994,9,23,XEV,984942,AT
1993,4,24,MLP,1079348,ES
2005,5,15,DJG,2239029,AT
1997,6,20,IUY,2274250,AT
2009,1,21,DZI,3107273,AU
1986,9,14,YNR,N/A,ES
1995,5,11,BZI,2869948, 
1992,5,1,OAZ,2573023,ES
1987,11,28,ARX,1801697,JP
1993,9,28,VYS,270667,JP
2011,2,5,LWS,1791397,US
1992,10,15,CRD,3316857,AT
1984,8,22,KQH,1407414,ES
2011,7,6,FTV,1886809,GB
1984,9,24,ELX,2032160,AU
1998,1,24,RZN,309524, 
2015,12,12,HCJ,3272802,US
2007,9,18,PNB,N/A,AT
1988,11,7,VRU,2441778,GB
1985,5,20,PDA,2249259,US
2015,12,2,CEG,898979,JP
1985,6,22,EBO,2987971,NZ
2013,7,23,IOG,794297,CN
1980,1,19,SAW,2005512,GB
1996,9,26,VMO,277662,CN
2000,6,20,CRX,874724,GB
1999,6,10,DRS,1714655,JP
1996,4,7,GFE,1254632,GB
2016,6,2,VAE,2098474,CA
2004,10,12,KBX,1352983,CN
1986,7,24,RKB,3187640,NZ
1991,4,10,MWJ,787587,GB
2000,5,23,ZEI,1280312,AU
2016,5,3,FXM,441435,US
2004,1,17,CJF,332049,JP
2012,8,8,BMA,13426,AU
2017,10,4,SDG,958617,NZ
1989,9,7,TIY,1615928,ES
2007,9,27,DEW,811194,JP
2016,11,1,PCL,2852413,AU
2012,2,23,KHX,1226359,US
1995,11,19,WHG,1533153, 
1983,12,3,VFD,889354,US
1985,12,11,IZO,997297,GB
1994,2,16,VWS,154700,CA
2017,9,28,ESP,1118573,CA
1981,7,15,NOH,1430364,GB
1986,9,9,GQY,3239315,AT
1984,9,13,YUG,290014,CA
2003,10,20,DEW,772644,JP
1983,1,27,TCF,1884612,AU
1994,9,6,QUS,2997264,GB
2013,8,7,VWN,1059596,ES
1988,5,15,EIC,2208862,GB
2004,3,18,ZPA,3151421,JP
1981,8,8,KGW,663364,AT
2002,7,22,IXD,1040549,CN
2006,4,1,BSU,966455,GB
2007,6,16,VQU,1288379,AT
1980,4,23,GHJ,1917252,US
1996,2,18,JYH,376070,US
2018,12,12,NRY,1138862,US
2006,10,6,LKE,2123615,ES
1992,8,15,XDV,822320,CN
1980,7,2,OEW,685757,CN
1984,2,23,NHI,1683846,AT
1981,6,23,BKU,1730336,CA
1998,1,12,YRO,359652,GB
2000,8,9,EAS,1779834,US
1985,2,1,ICU,1258834,CN
2010,8,15,FJH,2131942,JP
1986,4,26,LUD,2148679,ES
2012,4,16,HRZ,2512255,AU
2000,4,2,QRF,17826,US
1991,5,9,OAB,2000957,CA
1993,3,25,RWA,1625355,CA
2003,4,25,KVE,657559,GB
2000,12,11,QAK,2484810,JP
1989,1,17,HZM,979649,JP
1998,2,22,OHU,2252953, 
2013,6,21,QLY,1572139,NZ
2005,11,3,IRD,1233552,US
2006,5,9,BFD,1550690,NZ
1992,5,22,QZM,1646204,CN
2017,7,20,SNV,3093510,NZ
2005,1,18,ILX,1514447,ES
1985,4,10,IDX,525667,CA
1986,1,24,WHR,596994,ES
1985,6,26,OJT,920707,GB
2016,3,15,SFY,1861676,NZ
2004,8,25,YKE,2231359,CA
2016,9,28,DWB,1046339,ES
1997,5,1,URS,502820,CA
2017,12,14,GPN,158054,CN
1986,4,13,DOA,1279014,JP
1994,4,12,LCZ,95107,GB
2004,7,22,UJP,814245,AT
1980,8,6,ZLS,599331, 
2004,3,22,KHC,246496,AU
2017,9,23,TOB,851496,JP
1984,7,2,LED,1476189,CA
2010,10,21,WPE,1489402,US
2009,10,17,LEO,1589014,JP
2000,3,12,RPY,3300959,US
1991,11,14,HIB,1443249,CA
2004,2,6,EKO,75742,GB
2010,11,18,WJT,1965978,CA
1999,9,6,ZJI,2016246,CA
1996,9,4,TBY,358031,AU
1988,11,23,IEQ,663615,AT
2017,11,16,TLD,2475021, 
2002,3,13,XJT,N/A,ES
1983,3,27,HNV,806557,ES
1982,8,3,OQH,3061603,NZ
1985,11,6,OEZ,37447,ES
2018,6,3,MIH,2819040,GB
2006,8,7,YGV,1269848,NZ
1981,12,15,SDP,400209,ES
1995,2,15,DRX,603542,NZ
1997,2,26,VIX,704096,AU
2017,9,11,IAM,2760792,JP
2006,10,18,RPK,147723,JP
2018,10,22,UHA,2860949,JP
1981,11,11,JMC,3103182,ES
1994,10,7,TER,2732184,ES
2014,4,28,SUF,1786116,US
2005,12,13,ZGM,3005279,ES
2002,2,4,KFQ,2798950,CN
1980,12,14,XMQ,2202042,CA
1999,11,10,JYB,317669, 
1985,4,21,SHL,1435460,AU
1997,9,23,WBM,131860,US
2005,12,24,WJS,1621602,US
1992,12,14,ZAS,2076952,ES
2012,12,12,XRD,2510642,ES
1992,5,1,PLF,N/A,US
2003,8,15,DZF,792999,ES
2014,10,20,YET,1147750,NZ
1998,11,12,PQD,630332,ES
1988,6,2,EUL,139479,JP
1983,8,17,WYI,2798265,JP
1994,10,23,IFA,907597,AT
2012,3,6,HPY,2061251,CN
1993,2,10,HJZ,2265831,US
2013,7,7,UAR,1273299,US
2001,3,25,TFV,1659341,CN
2016,7,18,QPW,3309907,JP
1984,5,14,VEM,2893602,AT
2000,4,1,OAC,N/A,NZ
1993,11,18,KOP,2823436,US
1997,10,11,CHK,2726976,ES
2011,6,22,EUY,1039389,CA
1999,2,18,LJF,2975407,CA
1994,8,12,LOV,2884325,JP
1982,4,5,PKO,1192003,GB
2005,2,12,DPB,936534,GB
1993,4,27,OUI,143399,US
1984,1,8,HCT,115835,CN
1998,11,18,KXL,31851,JP
1998,5,27,WAK,391983,GB
1986,7,8,JUW,3249972,US
1980,11,17,TJR,2844834,GB
2002,11,7,HOI,1390223,CA
2007,2,8,AFE,1153557,US
1992,5,6,XCT,319646,NZ
2007,12,16,YVI,426529,JP
1985,3,14,IRF,962662,US
2000,4,26,SPF,N/A,CA
2008,2,2,YCG,2097135,JP
2009,12,9,KND,2301260,CA
1999,4,3,HVP,578208,CA
2008,4,16,PVS,2239627,CA
1990,11,7,HKQ,3152611,ES
2009,4,15,PTY,2560925,AU
2002,11,28,HTE,106823,JP
1982,6,22,DLC,952185,AT
2009,9,12,EMV,2141890,US
2007,11,13,OKJ,3023881, 
2009,1,13,THK,2225896,US
1989,1,14,YEA,909636,NZ
1994,11,26,DFX,998309,AU
2017,2,15,GAF,2540387,CN
2008,6,5,UCG,2941785,NZ
1998,7,5,XSQ,1485992,AU
2006,9,18,WCO,N/A,AT
2016,2,3,FND,2944414,ES
2016,12,9,TSE,1035657,US
1998,9,22,PAR,1202301,US
1990,1,25,DLJ,2191979,US
1980,3,24,UCT,2265486,AT
1981,2,4,URZ,2068843,JP
2004,4,23,JKO,345078,CN
2002,1,12,RAB,513466,CA
2010,8,8,NXZ,593296,AT
2003,12,7,YQL,2251134,GB
1991,4,12,AJH,3012238, 
1994,3,20,HFB,2655911,GB
1988,5,24,OZR,2279915,AT
2014,3,19,RKY,2370538,US
2004,2,14,IRC,1312412,ES
2001,10,11,GUJ,1896966,JP
2007,12,9,TPE,1481453,CA
2014,8,27,ODB,203135,ES
2018,7,23,KMO,2945422,AT
2010,3,24,XKI,3028944,AT
1987,11,21,MRY,1540540,AT
1981,10,26,XQS,2280987,AT
2016,4,28,XYJ,1794731,CA
2007,6,22,FBK,1021105,GB
1995,4,27,KPE,2545144,AT
1980,3,10,CUB,1725735,CN
2010,5,13,JAZ,1244449,ES
2008,1,11,UIY,842459,GB
2009,5,24,NSR,2201593,JP
1986,3,8,HBK,181201,NZ
1998,2,16,HAF,3235966,US
1993,6,12,DCI,2823987,AU
1983,7,14,ALM,1321596, 
2009,10,2,OTM,1161356,GB
2011,12,6,XJV,133340,GB
1998,12,5,CWN,2602821,AT
1993,11,15,TUV,1638484,US
2014,7,27,QOE,2435210, 
1998,11,18,OKY,2378246,NZ
2005,9,4,YBJ,1456725,CA
2006,7,4,AFD,N/A,GB
1981,2,23,CLO,1877766, 
1989,2,21,IBX,167671,US
2011,11,3,DUB,N/A,ES
1993,12,3,JMF,2737381, 
1989,9,3,OUB,1674465,CN
2017,4,12,LWQ,2675627,NZ
2007,5,22,KVO,3324739,NZ
1987,10,16,XNO,704888,AT
2017,5,21,BTU,1161055,JP
1986,3,23,SDC,3318337,AU
2014,2,2,SZB,3324572,AU
2011,1,17,AEZ,2721172,CN
2015,2,1,YLR,3109977,JP
2018,11,20,NDF,3129604,GB
1994,3,8,UST,2673994,US
1989,11,25,BUE,1062612,ES
2003,1,6,IVH,1930761,US
2005,3,3,MHK,2811206,AT
1984,2,24,OBG,1592801,CA
1980,2,8,CJF,2686670,NZ
2014,6,25,JWU,1072101,AU
2018,3,2,FGX,N/A,CN
1982,10,16,CYA,2417265,CA
2011,2,19,FKH,342127,ES
1996,4,25,GFR,2564583,CN
2015,6,9,HWR,3072905,JP
2004,10,11,XCH,1321270,NZ
1997,11,3,UGD,N/A,US
2002,11,11,TEZ,834954,AT
2006,2,12,MIZ,1742301,GB
1988,3,14,BZD,2150265,JP
1996,6,11,VAC,1969176,CN
2007,9,17,LYZ,1403969,GB
2004,3,24,ZUI,N/A,AU
1987,6,9,HME,617294,JP
2018,5,26,VWK,241333,CA
1995,3,16,GNF,2318249,AU
2014,5,22,LHN,1384956,CN
2011,4,24,JHI,1428707,NZ
1988,9,28,JZB,N/A,NZ
1995,9,2,XMN,563802,NZ
1993,5,19,END,N/A,CN
1987,5,2,LGO,2370200,GB
2011,9,18,ZBC,194863,AU
1996,7,21,ONG,2729902,JP
1981,3,22,UTV,2259096,AU
1993,10,26,SPW,943235,JP
2014,10,19,TVY,669074,CN
2005,9,2,ETW,545854,CA
1992,3,6,RMJ,255685, 
1983,2,8,HAO,2781868,ES
1988,3,24,CTX,2885337,AT
1982,9,19,LMC,2280120,JP
2007,6,19,IXE,2078013,ES
1994,12,4,AQK,1970278,US
1990,4,1,TQA,2406212,CA
2017,8,21,FQZ,1667415,JP
1983,11,11,EMV,N/A,AU
1997,3,26,JFR,160497,CA
2009,3,1,FXU,2164837,AU
1990,5,7,VNR,3331828,AU
1982,1,1,DGN,300558,CN
1993,5,1,JFP,N/A,GB
1997,3,2,FUZ,460627,AT
1998,6,5,JTL,130179,CA
1997,3,5,DNK,3195537,NZ
2003,4,20,MEA,3087510,ES
2003,12,28,KHZ,1398979,AT
2018,7,6,NPO,2397473,CA
1996,10,11,FPJ,1514221,AU
2018,10,21,XAC,2838308,JP
2004,12,25,BTR,1831507,AT
2005,9,7,PEF,2673216,NZ
1981,11,7,QMH,946135,US
2004,5,16,UXE,1798387,CN
2003,9,24,JEG,1327415,AU
2012,8,26,ZFW,2469789,US
2015,8,20,YVQ,1665191,US
1986,12,3,XEY,501173,ES
2003,3,22,WCH,1464429, 
1985,12,1,VAW,85007,CA
1983,5,11,VBR,46956,CA
1988,10,15,PLY,1149883,CA
2011,9,7,RZG,1953223,CN
1996,5,2,HCT,449153,US
2015,12,15,UBF,327972,NZ
1994,12,14,DJR,403427,JP
2002,12,20,JBL,2020603,JP
2009,6,16,BMS,401130,JP
1999,11,28,XZA,2205159,ES
2004,2,5,PNC,2908116,CN
1991,1,13,KYV,2518008,JP
2003,12,6,XVT,3211851,ES
1980,8,1,ALS,3088338,CN
2014,7,6,YEP,2431588,CN
1985,7,1,SNR,2037942,US
2009,6,14,ECP,3054904,AU
1988,8,1,IPR,569832,AU
1987,11,25,BAQ,1369549,CA
2007,9,6,CHJ,2949526,NZ
1985,8,10,UIR,214083,CA
1995,9,28,EFI,1005635,NZ
2001,9,17,BZY,2311424,NZ
1991,11,23,QSA,45815,CA
2005,8,1,TJL,934748,GB
2017,10,7,AQL,886934,JP
1992,10,28,IRN,2024183,CA
2003,11,13,VDZ,275525,ES
1990,1,25,GLP,814367,CA
1995,9,11,VRI,748254,NZ
1981,3,12,AVJ,2802986,CN
2008,8,4,WUX,1091797,ES
2006,8,2,HVP,3075974,JP
2003,3,12,EYF,1245275,ES
1993,4,11,ILA,1372496,NZ
2000,5,21,JWF,2358050,AU
2008,6,26,ZAJ,1050433,US
1984,6,27,XFS,860789,GB
2010,7,5,VGP,451929,ES
1984,3,15,GNH,1659009,ES
2014,4,20,ENR,1987337,CA
1992,2,12,TGM,878671,CN
1980,5,10,UTL,2880953,AT
1989,11,6,RWD,1554815,US
1991,1,7,YDK,2527182,CN
2000,10,22,ACI,2406940,AU
1989,12,17,YOZ,49610,CN
1985,8,16,KHL,N/A,NZ
1984,8,13,LQB,480337,AT
1988,4,19,VBJ,2256570,CN
2013,11,5,MKS,627302,CN
2010,1,25,KQG,1028592,CN
2000,6,20,LIK,2862218,AU
2014,1,23,GNI,3042872, 
1986,1,22,JYH,3267117,AU
2004,2,6,GTA,3005370,CA
2013,4,8,ZQY,1797172,NZ
1996,4,28,GYP,295617,JP
1986,1,24,XIY,1541503,JP
1981,1,9,THI,2158388,CA
2015,7,15,UHC,1484008,AU
2006,12,8,WBR,439300,AT
2018,1,20,YZD,2527879,AT
1980,9,11,QLY,310443,NZ
2004,3,27,PJQ,2239429,CN
2006,10,23,TOE,72384,CA
1993,3,15,SZK,742039,AU
2016,8,6,LPY,577426,NZ
1981,9,13,MGO,3123334,US
2015,6,9,RLK,2865081,GB
1999,5,4,QME,1507781,JP
1991,10,22,XLK,2497591,CA
2009,4,16,RID,502145,JP
1988,2,28,XEA,N/A, 
2018,12,4,QWV,3193764,NZ
1987,5,24,IPS,2097302,NZ
2013,1,10,FPD,3273573,NZ
1994,3,4,XIG,2197910,CN
1982,7,14,ROM,3162023,AU
1986,1,19,CLY,11503,GB
2012,10,19,EZI,1050546,GB
1999,12,3,MKG,2779501,GB
1989,8,17,VFY,147489,ES
2006,1,15,VNU,2018008,GB
1980,2,21,BHX,2874276,NZ
1983,12,25,SVN,1944952, 
1989,6,26,BVK,3258810,CN
2007,12,15,PVU,1210099,ES
2015,9,2,QVJ,2592754,ES
1986,2,3,HAJ,1861701,NZ
1981,7,2,FPW,1848380,GB
1983,4,10,TXE,553954,CN
2009,1,2,YJA,519852,GB
2013,3,6,RJE,2966199,NZ
2013,9,2,KQJ,496945,CN
1981,11,8,WEJ,1199028,GB
1989,4,22,OAF,2595001,ES
1993,2,16,JED,3106325, 
1990,8,18,DVM,531396,ES
1989,1,2,WID,413055,GB
1991,2,21,WCR,1657316,JP
2008,1,5,IGT,726715,JP
1996,5,14,CPD,2471611,US
2003,8,20,QYX,1799168,AU
1997,10,23,LGP,93790,AT
1994,5,1,TKC,1966490,US
2015,6,17,MKL,2835268,GB
1994,11,1,HCP,1891192,US
1991,1,11,FIQ,2566537,GB
1991,8,15,DXW,1135682,AT
1989,8,10,AEB,897440, 
1988,9,20,EAZ,2407363,CN
1996,7,13,ADR,2032556,JP
2011,2,22,TIX,3200181,JP
1980,10,19,YQN,1074892,NZ
2009,11,13,MOL,446441,AT
2002,8,16,OBP,1807109,US
1998,4,18,ZTR,553725,AT
1985,4,6,NMW,717241,ES
1993,11,2,YAG,1718752,AT
2005,12,19,YKX,1245674,AT
2012,1,18,GTK,100167,GB
2013,3,27,JHO,N/A, 
2018,12,17,RDB,3166015,AU
1983,10,19,SJB,2288173,US
2004,4,2,RCZ,1317497,AT
1994,4,4,TRV,2947994,JP
1989,9,19,FXQ,473729,ES
1992,2,26,QGL,884366,GB
2014,8,16,EGQ,2301800,JP
2011,2,8,SUF,2451034,NZ
1997,11,11,KNV,N/A,AT
2014,5,24,SKN,1265871,AU
2005,7,3,JER,3051615,GB
1984,10,22,QCB,953415,CN
1997,7,1,GKM,20473,CA
2009,11,12,SPR,197877,JP
1986,1,14,AYN,2865261,GB
1996,4,15,HPW,1263047,GB
1983,11,24,NMW,854231,GB
2017,2,24,NRV,931476,JP
2000,12,17,JFT,1526788,US
2015,2,15,RTW,2204089,ES
1985,12,13,XDY,2528967,GB
2015,10,23,ACG,722334,US
2008,2,4,HLI,103473,AT
2014,3,21,QBK,3093698, 
2004,8,25,GNB,3283569,NZ
2005,12,21,GCU,2589938,NZ
2010,10,20,EOT,497344,JP
2017,11,5,GIX,735436,GB
1998,7,24,BFC,1348548,NZ
1981,1,17,JBD,2809228,CA
1980,11,28,ZUT,2411524,CA
2009,5,27,FKT,531699,AT
1988,8,11,NAJ,2102681,AU
2011,12,9,BKV,1738928,AT
1991,7,24,LBD,2310044,ES
1985,8,19,ZFO,2456991,CA
1991,4,21,WPC,2185185,US
2016,4,12,XFK,1418905,NZ
1982,8,25,GBS,2841511,CA
1998,11,6,FQT,1801186,GB
1985,4,2,WBF,2846053,CA
1986,2,12,TBX,N/A,NZ
1981,3,11,BGA,2293577,AT
1997,2,4,ZYN,999266,AU
1989,1,17,EHQ,303378,AT
2002,2,17,XJS,2057193,AT
1981,2,9,ZFH,3288601,JP
2000,4,28,FJX,2426240,JP
2009,4,8,RFW,2094876,GB
1984,5,11,OML,1214475,AU
2010,2,15,LNE,1389799,AT
2017,12,7,SDO,215052,JP
2016,2,28,WZK,681589,US
1987,2,2,WKE,2822753,GB
2015,4,1,ETB,1745605,ES
1998,5,15,PNM,240288,JP
2012,4,9,SRN,1798182,ES
1989,6,17,RLY,989567,AT
1982,6,22,VMH,1501722,GB
1991,5,5,KBR,1787341,AU
2007,1,26,GUK,2876408,US
1991,12,12,BNE,2819260,ES
1982,5,21,OCS,N/A,NZ
1984,7,3,JAB,667095,US
1988,2,2,XYF,974503,AT
1991,10,24,XAP,N/A,CA
1990,10,18,CJO,2339983,AT
2013,9,24,YTX,317409,AU
1983,6,28,CDG,2346718,CN
2018,2,2,VAE,879808,GB
2016,3,9,OQX,1695934,GB
1991,1,13,WBG,3112901,US
2010,9,12,JRY,2238858,AU
1984,9,3,CYW,940158,US
1990,4,11,STD,1555997,CN
1984,3,8,PDS,2341663,NZ
2007,9,11,TJL,2307508,CA
2010,8,15,RBO,2020334,AT
2003,3,10,ORD,2258935,ES
1995,3,5,FAR,3256766,US
1999,5,11,YZG,786352,US
2000,5,28,NQV,661227,CN
2013,7,17,FNC,3072578,AU
1989,8,20,GFR,2134597,CN
1992,10,18,ZJE,1966566,AU
2006,4,18,CME,1264847,JP
1998,4,6,VBR,2142873,US
2006,10,14,NDJ,1566531,JP
2009,10,18,AXY,441191,AU
2012,8,23,CBH,678256,GB
2008,5,11,FUH,1993431,CN
1984,3,19,ZPT,646731,AU
1992,6,27,EPS,1250979,JP
2000,1,22,EXB,3259700,AU
1984,11,26,BHF,1974056,ES
2007,2,24,OXE,2212265,CA
2008,1,19,OQF,1852937,GB
2005,6,14,DVK,N/A,CA
1989,11,2,AIE,1104097,NZ
1985,8,22,MLP,3233659,NZ
1988,3,9,QWL,1666216,US
1986,3,7,GCH,1278632,GB
1988,4,5,PTA,1472224,US
2002,4,17,GTF,1882643,NZ
1983,2,5,VYE,2093748,AT
1986,7,18,LZA,1627750,CA
1988,11,12,IHS,2570499,JP
1996,2,7,ZNA,967810,ES
2004,3,18,OIA,3207853,AT
2012,12,23,FJW,2748651,US
2015,6,22,MJZ,1468234, 
2009,8,15,FDX,262555,CA
2012,6,10,IGZ,983886,JP
1999,6,4,DIN,2968005,NZ
1995,1,13,JWM,107008,JP
1997,1,1,HWN,2237186,GB
2018,2,3,PJU,1145056,US
2015,10,17,ORP,350020, 
1985,8,27,BML,2930746,NZ
1990,5,8,IZW,1111092,CN
1992,7,12,AMR,42735,CA
2007,12,12,PTF,1506053,NZ
1983,7,12,ONK,1870502,US
2004,3,17,SXI,121313,CN
1996,6,15,ARF,2578002,AU
2004,3,13,XPC,850446,GB
2006,8,4,IDF,783298,US
2001,8,6,XHV,310897,CN
1987,10,20,KNI,N/A,AU
1985,6,6,GCB,782892,CA
2002,4,18,GMV,755635,AT
1987,1,16,BAY,2185489,JP
2012,1,5,LSX,1125254,JP
2003,8,12,SRH,1519085,AT
2013,5,5,JVL,352145,JP
2014,9,14,TRQ,2381606,NZ
1999,2,9,NIT,223860,ES
1982,2,23,DVQ,2309615, 
1992,2,22,YJQ,870526,CA
2005,5,17,MQG,N/A,US
2015,12,25,UCV,N/A,AU
2016,1,3,BVN,2438123,NZ
1993,12,16,QOE,1993609, 
1999,2,11,IYV,2207902,NZ
1980,10,18,VOG,1377192,GB
1992,7,1,TWU,2921556,NZ
1997,3,9,YBF,2538812,US
1990,10,7,DBT,2616831,JP
1988,9,26,THM,1366634,JP
1985,1,8,CRN,2765842,JP
2016,4,6,FGM,1888361, 
1988,3,13,YQK,3174672,AU
1993,6,14,PMJ,3250185,GB
2001,1,10,IZS,N/A,GB
2015,4,2,IKX,2589020,NZ
2013,7,23,BSO,2916500,NZ
2016,7,14,DCA,572328,AU
1981,3,16,EFK,651597,CA
1998,2,23,YPV,2685560,AU
1983,4,19,MSI,2827163,NZ
2002,6,20,KMD,2975032,ES
1995,6,17,XZW,1789885,AU
2001,2,15,QAN,381438,NZ
1986,4,7,ASC,3019196,ES
1994,11,28,DEO,392802,US
1991,4,2,YNK,596767,ES
2014,12,24,BVJ,2789096,ES
1999,8,3,FST,1986955,CA
1986,12,7,XBS,1683518,ES
2003,3,7,JGB,483242, 
1985,5,21,VNI,714224,AU
1996,5,20,KZN,1736395,CA
1988,9,18,LQI,2496077,GB
1999,6,19,YEH,1731569,US
2000,5,15,ULX,N/A,AT
2006,7,20,HQG,1734498,GB
1980,10,18,RAW,2739723, 
1984,4,7,VRU,138839,US
2005,7,4,BTU,3234582,AT
2013,11,28,OUD,2676336,AT
1992,10,13,AVL,842463,US
2001,5,10,SFD,324482,NZ
1984,12,18,OTE,1364349,NZ
1988,11,28,HXN,3292344,JP
1982,6,19,FJZ,1917667,NZ
2017,5,27,LTU,15677,NZ
1997,2,27,NRQ,1083825,US
2001,1,7,NEB,641924,AU
2000,9,28,QRO,2764380,NZ
1997,9,18,VLE,1948316,AT
1992,5,2,PSE,2420616,ES
1988,1,17,NLT,1248261,US
1983,9,15,OUF,1421173,US
2010,10,25,BJO,859866,US
2007,11,14,SPT,279107,US
2014,12,22,UHY,2528733,AU
1980,9,22,LJM,2489810,CN
1982,10,17,ZFE,934627,ES
1985,2,13,JSV,450407,US
1985,1,28,IAD,242454,CA
1988,5,9,KVZ,1989698,AU
1982,5,14,SHC,2026397,ES
1985,3,18,RQH,999487,GB
1999,7,10,WZI,748630,AU
2017,4,11,UMF,3214837,JP
1994,11,12,TSO,27637,ES
2005,10,19,LVU,2289716,ES
1994,12,15,ZGK,10709, 
2003,4,28,QHP,1635845,AT
2010,2,4,YHK,3202718,GB
2016,8,21,BCW,1732157,US
1990,6,15,RMA,3251224, 
1984,11,20,OFK,2757946,ES
2000,5,12,XBI,N/A,AT
2004,8,17,ZAP,2546418,CA
1998,11,17,KVA,1762655,US
2001,7,5,CWD,457573,NZ
1984,1,20,RKQ,410004,ES
2018,4,27,OIQ,N/A,GB
2010,12,1,UHP,149956, 
1985,3,8,ZYE,1376976,JP
2005,7,16,GOB,1439098,AU
2000,12,7,WDY,2926830,AU
1986,10,10,COM,826322,CA
2010,6,3,KUM,2536848, 
2011,12,23,TAI,N/A,US
1991,9,6,GUT,439566,CN
1981,1,22,REF,3216434,NZ
1982,9,3,RAP,N/A,US
2003,6,12,QTZ,3100939,CA
2007,3,26,QVN,1934308,CN
1987,12,24,SFQ,851102,CA
1986,9,4,LHB,2137018,NZ
1988,6,4,MFH,608442, 
1992,6,22,LMU,3273451,US
2018,4,7,LDW,145100,ES
1992,12,6,ZUP,1556634,CN
1991,5,16,RLD,N/A,JP
1995,12,13,KRU,718934,GB
2015,5,7,UYE,1658127,NZ
2011,2,8,GCT,1587367,CA
1998,2,9,ZRP,1387147,US
2010,7,28,JHV,1483099,US
2006,11,2,HRX,137663,CA
2016,10,17,HPV,2468155,NZ
2004,2,12,BUD,1582566,AT
1993,6,6,AKR,3287863,CN
1989,4,12,FJM,1458895,ES
2002,5,18,GAF,2111818,CA
2013,1,24,CPR,651839, 
2012,2,16,WRU,1819766,US
1988,6,14,GEQ,1601658,ES
1980,7,27,NKJ,N/A,CN
1998,5,9,CNB,1092752,ES
1994,12,10,QYL,2686415,ES
2018,8,4,TMY,446497,US
1988,6,6,RNS,61370,AU
1991,12,15,UFA,1023952,CA
2018,3,4,MXU,2826123,NZ
2012,3,27,EWJ,N/A,CA
1990,12,15,YTG,778440,ES
1993,9,28,OGY,2373525,JP
2010,1,8,JQZ,3074964,ES
1990,11,23,JTL,2967563,US
1996,7,12,OVC,1189237,NZ
2015,11,6,WRJ,2573312,GB
1997,12,1,HKN,2656231,CN
1998,1,6,ANJ,1939813, 
2018,6,8,BTI,955362,US
1981,7,14,ZEG,1694765,US
1991,5,22,ERU,2041952,GB
2013,4,5,QMH,1919432,NZ
2003,7,3,ACW,2288752,GB
1988,8,20,CNS,807456,US
2010,10,21,FZO,2594676,CN
2018,4,10,TGA,1337868,GB
2005,10,20,MTR,2978149,GB
1998,12,23,ZLY,1605885,ES
2018,12,1,LKD,N/A,US
1987,8,26,OYW,932481, 
2004,8,1,FTW,583931,GB
2016,3,2,YFE,1905826,US
1991,4,2,NQB,1101346,CA
2002,8,10,HNQ,2916501,GB
2015,2,24,MBS,2830729,CN
2012,3,24,MBP,2794559,CN
1983,3,2,TAZ,3069196,US
1993,7,20,XFD,2038969,AU
2014,3,6,GSB,2331181,ES
1990,3,18,RZX,2460514,JP
2014,10,24,JYS,2382458,AU
1996,4,23,XNK,2816948,ES
2002,8,16,NXP,2229479,US
2008,5,15,EJW,2265517,GB
2011,3,18,HTC,555371,AT
2005,3,27,DQI,N/A,NZ
1987,1,24,AZD,2766925,US
1981,10,1,VBZ,2287486,NZ
2000,9,4,FUJ,3045520,GB
2001,5,12,NVU,N/A,ES
2010,6,4,OLE,2977758,AT
1999,8,4,NVF,2583340,CN
2005,9,24,LFI,1694695,NZ
2001,11,16,UDI,2926429,JP
1994,6,13,DNF,1209771,GB
2008,8,9,WXP,N/A,CA
2006,12,19,XPI,1891575,AU
2004,5,10,ZTP,1484898,AU
2001,7,11,XHE,1718681,AT
1993,8,1,IFM,1858429,AU
1991,1,22,BFI,632728,ES
1984,1,6,QSY,3038287,CN
2003,1,16,YWP,N/A,US
1986,3,12,VPR,371103,US
2015,4,26,FJA,1965830,AU
1982,7,22,SCH,1248563,GB
2001,10,15,XCU,2756247,JP
2012,3,18,LQF,1721479,ES
1995,8,14,BGU,2876478,GB
1985,10,18,YEK,3009380,AT
2007,12,7,DST,650068,NZ
1983,11,16,JFS,835944,US
2004,11,26,FCQ,2237144,NZ
1984,10,22,BKN,528504,NZ
1987,7,21,WSY,1044101,US
2007,8,24,ZMI,N/A,US
2000,10,1,BXV,N/A,CN
2017,4,28,ULZ,928684,US
2018,9,25,ODM,1102369,CN
2015,8,12,CLO,352576,US
1996,6,10,RVD,3301651,JP
1984,5,4,RJI,611099,CN
2008,3,14,YBN,1974833,AT
2001,3,24,MJB,762683,AU
2007,10,1,LQB,4708,CA
1984,8,28,ROM,1008607,CN
2007,4,20,ZIH,N/A,AU
1982,8,7,SER,732149,US
1984,7,13,TUG,2843986,US
1999,4,28,FHP,893847,CA
1984,7,20,QSX,1173389,JP
2006,3,15,ANB,3197609,CA
1995,1,26,CLD,1747070,AU
1999,9,7,FIJ,2342374,NZ
1982,10,24,OGV,2579865,AU
2012,8,24,ZAO,406163,ES
2014,11,13,VQH,592924,AU
1985,6,13,DBI,1904306,NZ
1998,1,20,INM,2399355,GB
2016,1,6,HKD,1207706,ES
1993,5,11,IBJ,1016913,JP
2008,10,28,QMF,1539445,NZ
2014,9,11,PGX,2366106,AU
2001,1,18,EUN,1114327,CN
2017,8,27,ZGP,2236859,NZ
2016,5,26,QZC,1826712,NZ
2000,10,21,LCI,535302, 
2012,3,28,DYK,N/A,NZ
2012,10,3,NPJ,2519989,GB
2017,4,11,WHV,2114083,US
2013,1,5,DTL,2094165,GB
1986,6,23,OBY,1796193,AT
1983,4,14,UYG,412124,NZ
1993,5,8,APH,250705,ES
2006,5,17,CBT,1379277,NZ
2002,6,20,VRB,1246220,AT
2005,5,14,EOU,2525692,US
1990,11,14,WBK,265936,NZ
2017,6,22,UMI,2333273,ES
1994,3,14,YTH,1654157,NZ
2002,10,11,QAG,435929,NZ
2017,9,19,QWT,1915000,US
1988,8,20,OHA,3057506,AU
1995,7,14,YPA,2585888,CA
2011,1,19,DVL,N/A,JP
2003,2,26,GHZ,1957851,AT
1992,10,28,HXQ,1216867,GB
1982,8,16,QMB,2523897,NZ
2003,3,13,ZYS,1464001,AT
1997,2,8,CZT,2458975,US
1993,3,19,FCH,2977924,JP
2005,3,28,HSR,N/A,JP
1989,9,27,QPA,420398,AT
1995,1,3,BNR,1161439,CA
2002,1,20,IRP,2153436,JP
2016,1,1,YUE,2730736,NZ
2007,7,25,JPK,1999686,CN
1992,7,18,SDC,1782137,CA
1992,10,20,VBL,1535771,CA
1992,2,19,LGX,2326665,ES
2015,12,19,CGR,165030,CN
1999,11,7,TZW,776947,JP
1982,5,20,BZO,2720278,NZ
2017,9,27,HYN,876253,CA
1992,7,20,SHE,441428,NZ
1994,9,11,OTC,1304950,JP
1998,12,16,QIS,3115140,NZ
1994,12,9,FXA,3127019,CA
2012,3,26,EUX,924315,NZ
2018,10,5,HLW,97106,CA
2010,8,26,HIY,3248124,US
2000,6,15,PUK,N/A,NZ
2005,5,21,NYA,N/A,AU
2010,2,17,HQO,2653662,AU
1981,2,7,GLT,3306076,CA
2005,2,16,EMS,1266461,GB
2011,4,5,VOD,401817,CN
2015,4,4,EYS,1782890,CN
1992,9,13,OLQ,1400595,NZ
1992,2,26,GTP,2100958,CA
1999,5,22,ASN,3163369,AT
1989,4,6,KWJ,1497518,JP
2006,5,26,LDW,1112791,CA
1997,7,16,XYD,3128972, 
1985,1,12,EXH,1123914,US
1982,11,7,ABP,2521750,NZ
1996,7,22,EQM,143849,AT
1990,2,11,FDH,27242,NZ
2016,10,14,JHN,1016209,GB
2007,1,14,BKZ,3135977,ES
1980,2,21,ASZ,2934258,NZ
2014,11,7,BAH,451486,AU
1983,3,12,TUP,3212159,CN
1993,1,13,QBK,1146113,NZ
1990,6,12,LBN,1446771,ES
2003,9,25,YFV,2981675,ES
1985,4,8,ZID,3074482,US
2000,3,4,UKF,1815439,CN
1996,6,15,HWE,1974824,CN
2013,2,18,VCK,2314046,GB
1995,9,20,KCI,1838948,NZ
2003,6,8,YUB,2619364,AT
2002,6,2,QSK,N/A,ES
1988,6,15,FCT,687815,US
1991,1,24,EJV,3326503,ES
1987,9,9,UFW,1802818,AT
2001,9,8,GFQ,471548,ES
2006,11,24,RPS,2114678,AU
2007,10,12,NPH,2877030,GB
2011,7,10,ZDY,600229,CA
2017,4,6,XMU,2265625,GB
2000,2,18,VOJ,3059178, 
1987,6,5,TJY,2492185,CA
2016,4,5,PNI,447051,NZ
1984,5,10,EYG,3120170,AT
2017,7,10,KVZ,2836962, 
2007,7,2,RID,398070,GB
2002,2,20,HKO,1783740,JP
1996,11,17,IBE,1363635,AT
2015,12,17,BIP,1689266,US
2000,8,5,FCG,182815,CA
2011,8,1,GPB,446784,CN
2018,5,8,ZFE,1273979,CN
1992,2,21,PQM,2259175,AU
2010,4,8,FOV,1944105,AU
1990,7,17,PDA,3220251,ES
1985,2,23,EMH,3026670,AU
1997,10,19,AQI,662420,NZ
2013,6,12,YKN,1171204, 
1980,11,10,KZD,1064211,CA
1982,11,26,VAD,1610536,GB
2005,9,16,EWO,170142,CN
1991,4,16,COR,2593140,AT
1996,9,15,AJP,1304422,CA
1995,9,3,WCK,N/A,ES
1998,9,9,ZUB,1926809,NZ
2004,8,27,RTC,3059,JP
2010,3,19,ZDI,741500,CN
1982,5,13,HEG,2729529,JP
2012,6,23,MPQ,434295,GB
2011,12,25,FDL,2560164,NZ
1980,12,10,ITG,113208,CA
2012,4,9,IRJ,3316222,AT
1993,1,18,RKZ,1720236,US
2006,7,1,XTU,2560719,ES
2001,7,20,GPX,460833,ES
2010,12,23,GJF,1513598,ES
2011,11,14,ARY,1454220,GB
1997,9,9,GAR,N/A,CN
2014,5,12,YIS,970131,ES
2008,2,12,HXJ,946462,GB
1990,7,11,IDX,1978453,US
1982,1,24,ZNW,797845,AU
2006,4,2,HPY,3171451,AU
2008,2,23,BOX,1268320,JP
1981,3,28,GLC,1137418,US
1981,7,13,ZIY,3265027,CA
1993,12,21,XGY,1736437,CA
1987,4,18,OQI,3260248,ES
2010,12,26,NMC,1029573,NZ
2001,1,3,RFY,877051,AT
2015,5,7,DSK,763464,NZ
2000,4,2,BAI,1574664,AU
2005,3,8,VGK,2703839,CN
2017,11,20,AMH,2926813,GB
2018,10,8,MUK,3034942,US
2002,11,15,TQC,3030015,CA
1980,6,18,XSH,2074741,AU
1981,5,13,UJW,1154628,AT
2013,10,17,YBQ,22269,AT
1983,9,26,SQJ,869651,NZ
2006,8,2,DWE,N/A,GB
2007,8,23,EQN,2650671,AU
2011,10,16,GQM,2092118,US
1985,3,19,JMO,2647699,CA
2011,1,28,CYN,268526,GB
1981,4,15,WXL,822729,CN
2014,10,20,RFA,2349486,US
1980,11,26,BJA,2696530,US
1993,9,6,FUV,1606642,ES
1996,3,22,TRP,1922735,ES
2011,6,16,PIB,2920735,US
2011,4,21,QEH,1604346,CA
1980,6,19,RSX,362745,AU
2013,11,20,WYQ,1874927,NZ
1989,11,10,CBN,1159377,AU
2003,6,5,TZP,2124173,ES
1996,9,3,YGZ,2759071,AU
2002,1,14,WZV,1595510, 
1989,1,14,YUC,2803375,NZ
2014,3,13,RKX,2207748,CN
1995,6,26,AVI,968934,JP
2004,1,4,ARW,2119153,NZ
2001,9,27,SFN,1866383, 
1993,2,17,TQM,1811805,CN
1989,5,19,PBZ,764432,JP
1986,1,14,WPH,925781,AU
2013,3,6,SRU,2697645,AU
1991,3,11,UFY,1487551,ES
1996,4,19,SKT,2233007,AT
1993,11,4,PSY,932830,AU
2010,8,11,NWR,770838,JP
1993,12,15,DFS,1392313,AT
2014,3,15,KFR,16469,JP
2000,4,6,FWQ,2202625,GB
2000,4,2,SRA,2488847, 
2013,5,24,DBT,1759728,NZ
1984,7,25,QLC,3170686,JP
2008,10,11,IZD,231734,JP
1999,9,22,XHJ,1796568,US
2016,2,21,DJN,1355467,GB
1993,5,21,YKN,562311,CN
2009,12,13,SKN,127274,AT
1989,3,14,MHR,2918416,US
2012,9,25,NVK,1354117,ES
2008,9,10,RPK,2659647,GB
2015,1,5,HTQ,2251489,ES
2017,3,27,YUR,70495,AU
2013,6,22,FVH,1262708,CN
1996,8,7,OBI,1725760,AU
1998,7,5,OVL,2171391,US
1983,6,16,FGV,1875270,AT
1990,1,23,MHE,403736,JP
1988,12,15,HAY,2242550,JP
2013,9,3,FEO,1849741,ES
1995,12,7,IGC,1086439,GB
1991,4,8,OGI,513755,ES
2012,2,16,NXD,2365677,GB
1999,1,15,KCZ,1304191,CN
2000,1,6,ZRC,3213723,AT
1998,2,21,YKP,570172,US
2001,5,12,GAT,2671648,AU
1999,8,26,SNE,162016,JP
2011,3,9,UGT,2915707,AT
2012,9,20,YRH,1172559,CN
2007,2,11,APN,N/A,CN
1991,5,28,HPO,940220,JP
2005,2,17,HGX,2138347,US
1994,2,7,MRZ,2059961,NZ
2016,6,25,HQB,577029,AT
2001,10,25,BFO,434656,ES
2011,8,2,VPF,N/A,AU
1986,1,2,TWD,1187319,JP
2009,5,20,RBW,1520588,ES
2009,6,1,PXZ,1979070,GB
1983,10,1,ZRN,1496483,AU
1996,9,14,VRD,3128917,AU
1989,2,23,JWL,3198707,AT
2011,11,1,FGE,196250,CA
1990,6,25,SBG,2394463,AU
2018,11,1,DAN,2821666, 
2010,2,21,LZO,2966914,AT
1993,1,22,BIO,1898219,AT
1997,7,26,LQZ,2562995,ES
2007,10,26,BEK,2109629,US
1984,5,7,OQM,2507417,CN
2015,5,10,RIJ,1329453,ES
2009,3,14,VFQ,711007,AT
2010,8,28,EHL,1045866,GB
1992,2,16,KBX,1395999,CN
1991,9,13,QVW,N/A,JP
1994,2,23,SNR,107706,CN
1994,2,9,BYK,1376403,NZ
2007,4,22,VEO,2054232,CN
2014,6,20,MLV,2483183,US
2005,6,1,XKA,456340,JP
1980,10,4,PRL,2502796,GB
2006,10,13,VEA,1470961,ES
2010,10,8,HRJ,646648, 
1998,4,17,FVE,1508962,ES
1991,8,15,AFI,2153621,CN
2018,5,12,YHO,2181005,NZ
1994,1,23,DCG,1279280,AU
1990,5,2,MGW,994871,CA
1987,8,2,IJQ,1610261,JP
2011,5,24,FPB,1975144,AU
1986,12,14,SUM,N/A,CN
1982,5,4,VWM,882787,US
1997,5,23,WGJ,1271125,AU
1997,10,10,QWL,2413037,JP
2013,4,12,YRV,1824753,NZ
2016,12,6,MES,2511101,AU
2000,1,8,HCF,N/A,GB
2011,7,18,LPI,1000676,JP
1993,6,9,ZKT,2225171,JP
1999,5,6,YHK,3174240,CN
2010,12,17,LVQ,1672318,US
1995,1,23,XAT,1050828,CA
1994,6,20,QTH,528824,CA
2000,8,14,RWK,577249,GB
2011,3,11,WNM,3217115,GB
2009,6,3,COX,1049029,ES
1998,9,19,IUV,1687845,AU
2013,8,20,NAF,3027726, 
2000,4,22,FJU,2425221,JP
1987,7,14,TJO,1113886,CN
2009,10,9,BNY,210854,JP
2009,3,9,LTY,3238049,JP
2010,2,12,BPA,3031535,CN
2012,8,15,HDK,1861266,ES
1989,5,27,FSL,3330645,AT
2011,4,25,HTS,1914432,GB
1981,10,7,YTI,3310758,NZ
1990,8,25,TPJ,N/A,CN
1991,5,24,WHL,3303823, 
1994,11,14,XHI,167728,JP
2017,2,27,ZTL,N/A,AU
2002,9,28,LYF,2614823,CN
2009,6,5,AMS,211197,US
1985,1,10,NCX,2798846,AU
1993,5,11,CDK,2067877,CA
2007,8,8,DCG,3279715,NZ
1989,3,12,TCF,483590,CA
2012,12,26,SEO,933525,AT
2007,7,21,WME,3123249,CN
2011,1,6,DNO,2677413,NZ
2013,4,16,ZNT,2055068,CN
2015,9,22,UZA,3310982,JP
1982,5,16,JQM,133035,US
1999,10,9,SPG,782248,NZ
1986,5,26,WBO,2019137,ES
2000,11,13,STI,3098996,CA
2001,4,25,FZP,2625397,JP
1995,4,15,QCV,152292,AU
1991,8,23,ZSD,2065283,GB
2007,12,4,ZEV,917413,GB
1990,6,14,AOV,837872,US
2008,12,8,VMC,679011,AU
1996,11,5,UTA,2732349,JP
1986,12,9,ZYW,1278424,AT
2016,10,21,SYL,1387901,CA
2014,12,9,ZHV,3057898,ES
1980,9,12,NCU,2432920,JP
2004,11,21,CAF,1239937,ES
1982,8,13,JSQ,2398645, 
2013,3,21,ULZ,617275,AU
1982,8,15,DHK,1131685,GB
1981,1,15,SDU,1599175, 
2001,3,25,QFN,3068001,AU
1999,5,22,QLD,1319976,JP
2012,8,1,KYQ,2538870,NZ
1994,6,6,MYE,N/A,GB
2003,8,23,EIF,1659802,GB
2001,1,23,WJP,2222373,CN
2017,6,24,GUE,1373626,CN
2003,9,12,CBG,2506308,CN
2017,5,22,CIS,1512327,CN
1992,11,23,QLA,1916812,ES
1998,10,19,NEZ,335588,AU
2015,2,25,TMJ,1049207,JP
2002,11,3,JHS,422685,AT
2008,3,24,JSW,2539081,US
1992,10,14,BQZ,43489,NZ
1997,5,2,XAG,N/A,AU
2014,12,4,PQZ,1127431,ES
2004,11,12,WYK,3101147,CA
2000,3,28,UTS,1631622,ES
1998,6,17,RWL,2253906,AU
2000,8,10,NHG,1273567,GB
1986,11,10,BZM,482100,CN
2010,7,27,EIP,1746014,US
2011,12,28,DXA,1709004,CN
1983,6,22,NDL,251441, 
2015,1,9,ZSW,653120,AT
2007,12,19,FVO,3292160,JP
1981,1,21,DIZ,1882791,AU
2017,11,6,TNL,2738809,AT
2002,12,13,BCI,2470026,US
2008,4,5,PJU,81450,CA
2007,9,27,LUR,2270288,AT
1985,10,7,TQR,1875415,GB
2009,7,11,LHE,2922049,CN
1985,4,16,TXI,2815096,JP
2012,12,15,UTV,3244731,ES
1997,2,5,IKX,3300213,US
2008,4,12,LUK,3316813,AU
1998,8,2,AZT,125488,CN
2016,2,28,VOZ,118154,US
1983,4,27,CKA,2915910,AU
2015,12,12,QUP,N/A,ES
2002,11,12,BDH,981292,CN
1995,2,9,NZP,3249237,US
2004,7,5,VQZ,1895726,US
2010,1,10,JSV,411042,JP
2006,8,19,SFZ,240932,AU
1998,2,13,NAX,2786319,AT
2005,12,17,AZI,2770793,AU
1985,5,3,OLQ,343809,CA
2006,7,20,RPE,1278208,US
1997,3,25,BNF,656880,CN
2003,10,1,MOH,2552620, 
1991,2,22,XEN,2023669,CA
2007,7,28,NCQ,1624945,NZ
1981,11,3,TOP,2524082,AU
2011,11,8,SAE,816046,ES
1982,10,16,YTV,1360975,ES
2010,5,16,RWQ,2449461,GB
2005,3,19,HLN,276857,NZ
1996,7,3,KTD,524293,NZ
2010,3,13,XOK,288960,US
2003,8,10,DKF,2219276,JP
1984,9,14,NDK,183537,AU
2014,6,23,WQI,1202336,AU
1994,5,12,JKL,2481902,GB
1983,7,21,HMX,2604933,CN
2011,8,14,JFQ,1224451,CN
1991,9,25,MXK,2840276,ES
1986,2,2,HDF,N/A,NZ
2008,8,25,XZU,3053629,CA
2004,6,16,BQR,1671738,CA
1999,6,22,RWY,2105156,US
2018,9,10,RHG,1036915,AU
2014,6,7,PDR,1921667,AT
2014,1,1,PXQ,2701392,ES
1993,8,24,CLE,1555736,US
2001,11,19,ZLA,53058,ES
2002,8,3,DZL,2841225,NZ
2000,5,27,ZIP,2785729,CA
1980,11,19,LWZ,1568025,NZ
2000,6,13,QME,1993382,CA
1987,12,19,JOR,N/A,AT
1986,10,13,STJ,2964336,GB
1999,3,23,SHQ,178312,AT
1980,2,23,SNM,1472784, 
1980,4,2,VRN,1461958,AT
1998,3,20,DWY,1013524,US
1997,3,14,WLU,946974,CA
2013,3,6,BLS,2225585,CN
1985,1,13,RHQ,2439590,NZ
1984,12,28,WFK,2161772,CA
1993,1,19,BIR,2662529,NZ
1997,5,10,UTY,915127,AT
1990,5,8,MNE,2412014,AU
1984,1,13,ZTJ,1207781,US
1994,1,25,PHQ,2617106,AT
2009,7,17,YFP,440598,AT
2012,5,6,EHO,N/A, 
2005,2,19,SDN,595361,AT
2001,6,7,IGR,333385,CA
2009,12,28,PCW,858053,JP
2014,3,20,EXK,1292952,CN
2013,9,11,WUY,1544630,ES
2014,4,9,VOT,905399,NZ
1996,10,2,XOZ,550547,US
2002,11,27,YIV,N/A,GB
1993,4,27,BQE,889982,ES
2009,6,14,AEH,256731,JP
2010,3,27,SFV,1158309,AU
1985,4,13,XND,359015, 
1996,12,7,RUG,1988542,NZ
1990,3,20,HGZ,1448802,ES
2003,1,8,EIH,1303451,AU
1989,2,5,UXK,3302578,AT
2015,5,26,HIJ,1883677,JP
1980,8,17,ZEA,899672,AU
1999,11,11,HOM,272352,AT
1982,4,16,MJX,3079707,NZ
2008,7,12,CFA,3187791,JP
1982,6,7,QBJ,896028,US
1980,5,13,FJU,2542742, 
1996,5,9,HZQ,377357,US
1981,3,9,ZTO,1925436,GB
2014,5,2,MLN,1900294,GB
2008,12,16,XHF,1610063,ES
2005,9,15,ICB,219321,GB
2018,8,28,SAY,3038775,ES
1985,5,8,GWS,1164003,US
2015,8,2,EPN,2530049,ES
1997,1,12,AOU,3035853,NZ
1983,1,26,JTQ,2130299,CN
1981,11,14,YPU,3072202,JP
1997,4,16,JBO,1519339,ES
2011,6,24,UJF,2642409,GB
1990,2,18,UCM,2499176,AT
1995,9,10,HST,659066,CN
1982,1,7,XPJ,2787771,CA
2016,2,27,UMJ,3256652,CA
1995,10,14,GRT,772959,CN
2012,8,12,XHV,N/A,CA
1984,5,27,ZEM,985703,CA
2009,10,2,KDY,N/A,CA
2016,3,18,XZP,1618653,US
1994,11,24,NSP,2191749,ES
2000,1,4,KXE,8604,GB
2002,11,4,ICW,324000,US
1992,8,23,CVH,343223,ES
1987,4,13,DQM,65936,ES
1988,8,5,FKU,190295,AU
1990,12,23,VHL,473437,JP
1994,11,8,MBF,772914,CN
1984,4,9,PQF,1307814,AT
2017,5,28,NLO,726643,CA
1986,4,19,WOU,2933097,CN
1997,11,1,ORM,2114495,ES
1997,10,18,UKZ,913440,GB
2012,4,20,LRO,2056575,CN
1990,6,24,PTE,2578318,CN
1984,1,10,JIQ,67291,CN
2005,8,26,YDR,1623373, 
1981,12,14,OBE,2009190, 
1990,2,25,ADI,1418861,CN
1992,6,18,KQS,748330,CN
2000,8,1,VJN,2840298,AU
2017,5,18,DLN,185344,AU
2007,2,22,ASP,3287643, 
1984,4,5,EWD,761584, 
2018,2,23,AIG,3297089,NZ
2014,7,25,MEP,1742455,AU
1998,8,14,PMS,1460519,CA
2008,4,16,RFW,1137869,CA
2001,9,5,KLX,3090826,CN
2004,10,16,UCD,3015225,AU
1998,8,21,WER,2944470,ES
1989,2,2,RQI,1677870,NZ
1996,3,2,LWP,2718265,GB
1985,3,21,FHG,3304390,AT
2017,3,19,ZHD,2843900,ES
2000,10,20,IDZ,1465715,AU
2013,4,8,UZX,2695748,JP
1989,10,14,HYF,25219,CN
2012,8,13,REG,182344,JP
2016,11,1,VLJ,976159,JP
2000,8,21,HCA,2194411,CN
1995,5,27,DHI,388729,US
2008,1,1,VUJ,1839946,CA
2014,11,2,YDL,N/A,NZ
2010,5,4,DQE,2320410,ES
1998,7,22,AXG,3101717,CA
2015,8,4,DMC,1957278,ES
1997,3,3,IXM,1652379,CN
1998,6,1,JCB,1421768,AT
1998,6,27,BXJ,2961802,GB
1981,4,5,XGW,3041342,AU
1996,7,26,KFJ,414326,US
2012,9,21,AKU,N/A,GB
1998,5,14,WBG,2419004,US
1996,12,17,QRD,1227111,CA
1983,4,1,ASU,2040337,US
2010,6,23,CGO,380286,GB
1986,12,7,YQF,1426952,AU
2006,9,21,JEH,1891002, 
1985,6,5,ZMR,474315,ES
2000,7,20,KCU,3111176,JP
1984,1,11,HRV,288734,US
1993,2,24,TPK,2502744,GB
2008,1,20,SYR,753184,GB
2004,2,25,DJL,2847792,AT
1994,9,8,IXK,3085694,US
2006,2,2,HAE,1306843,US
1993,9,12,DUV,3223181, 
2016,8,24,ZCA,1296575,NZ
1991,11,27,TYJ,290343,US
2000,12,3,SDQ,734045,CA
1994,12,9,JLT,1344318,AT
2009,7,26,VFJ,1963012,GB
1994,9,4,RUW,331833,US
1995,11,14,CDH,1613337,CA
1993,12,6,ERH,3301416,GB
1999,9,8,PET,2878910,US
1982,8,18,VHF,1273323,CN
1994,2,15,ZMO,2663100,US
1996,7,12,WPM,1865004,JP
1984,8,10,DEI,2078672,AT
1996,12,24,IJE,235232,ES
2013,4,11,BGP,2032045,AU
2005,2,7,LCV,353141,CA
1998,1,26,ISQ,1180255,AU
2012,5,14,ZKU,588989,CA
2005,4,18,CJX,1186400,JP
2008,6,28,DWF,317848,NZ
1994,4,11,PGK,769550,NZ
2006,8,9,EIZ,864719,ES
2007,8,1,ZRT,314255,AU
2018,11,6,SZG,1715787,AU
2014,9,28,SCP,1809862,NZ
2011,11,12,IGT,1707610,CN
1994,1,18,DLV,2930974,JP
1983,1,4,NHG,606530,GB
1994,3,25,UTZ,2149993,CN
1984,6,20,QBM,2710611,AU
2005,12,27,BSA,1105174,GB
1996,3,2,MJB,1701405,ES
1995,6,20,PVW,1397754,AT
2001,11,27,PQD,1820183,US
2009,7,19,KOW,2461027,JP
1991,2,22,QFC,3183507,AT
2003,3,3,HZW,2540655,GB
1984,6,24,IVS,N/A,ES
2013,11,5,CYL,954852,JP
1996,8,18,DBV,349230,AU
2017,9,14,CFG,2729559,JP
2009,5,4,KLF,1674588,AU
2013,1,14,RXG,2661896,AU
1985,7,9,PMY,2436248,NZ
1999,1,21,YKQ,1103920,CN
2016,5,8,GWN,2186972,NZ
1995,11,1,FCK,2923718,GB
2001,10,11,HVS,424267,CN
2018,9,10,HXC,1814990,CA
1998,1,16,OYL,1948020,GB
1992,8,19,LQZ,3007897,US
1991,7,28,XGA,3313990,US
1987,6,24,SOW,74518,GB
2003,8,1,ATL,1321118,GB
2010,10,9,SAH,2122875,CA
1985,10,15,DXZ,8922,AU
2010,11,4,PNO,1626389,CA
2006,12,28,VKA,2531337,US
2000,2,6,MZO,482284,CN
1999,10,15,OYC,3157185,US
1990,8,22,KST,2237855, 
2003,10,21,SJO,71137, 
1999,3,4,OAY,1286450,NZ
1994,8,28,PEW,1999222,CN
2008,8,2,ZDC,1443170,CA
2014,4,19,LST,2139423,AU
2014,9,8,OXZ,2728956,CA
1994,4,1,TMB,1626143,CN
2000,8,7,ZJC,3292079,AU
1990,9,22,LJM,699115,AT
1993,2,21,GTY,2552091,GB
1992,4,27,ISW,2753528,JP
1986,1,10,CBR,2971227,GB
2018,7,6,CXL,1277703,AU
2009,4,15,LAT,2018389,NZ
2008,10,18,DNS,2143343,US
2003,4,22,TOZ,2898869,JP
2005,3,28,LMS,2218088,US
2010,12,11,YFG,373353,CA
2004,10,11,VMA,2536287,JP
1986,8,18,ONK,222389,NZ
1998,7,22,TZA,3314277,CA
2011,9,6,JTE,2624464,CN
2011,12,16,ORP,910423,CA
1986,7,1,EOT,740521,JP
2003,10,28,RMV,3020732,CN
1994,10,28,JQD,1511782,AU
1989,1,21,ZXU,2734953,CN
1985,12,10,TUZ,2665075,US
2002,1,12,RLF,3096559,JP
1980,9,8,OHW,1248798,JP
1989,12,7,NKB,1163107,CN
2007,9,15,YHJ,2476822,CN
2003,3,23,CVU,1595778,GB
2009,3,13,BNM,2748011,US
2005,10,24,CXN,526776,ES
2009,9,11,UDN,1979237,GB
1996,1,12,SEK,1459194,AU
2010,9,13,XHD,2757367,GB
2001,6,25,NAZ,3079384,CN
1990,11,10,OVG,415801, 
1981,10,8,PVY,2605200,CN
2018,6,1,TFC,1049075,NZ
2004,4,22,SCI,2128915,CN
2012,2,3,LKP,3032882,CA
1995,1,9,KWP,2231927,GB
1985,1,24,JRC,2677943,JP
2005,9,2,SBQ,1929234,AU
2004,2,8,TVF,2213149,US
1983,3,19,NOK,2205191,JP
1988,4,4,CPB,903094,JP
2015,8,18,MSV,3101822,ES
2018,7,4,NVZ,2360706,CA
2005,11,23,EFU,1720484,AT
2001,12,23,GDQ,2313803,ES
1988,6,19,WZM,2605058,ES
2012,12,28,LUI,2677832,CN
1985,1,15,ICJ,707233,CA
1989,8,22,AIX,2575563,US
1983,6,22,ATO,2116725,AT
1998,11,3,SPH,1054840,GB
2015,12,4,SVA,1143641,NZ
2001,8,25,RMK,31237,ES
1991,7,19,TAI,2763105,NZ
2016,1,3,ZHA,1940392,ES
2018,7,5,LBO,N/A,CA
2010,3,2,WRC,1263494,ES
1981,3,28,FNI,704135,AT
1995,2,14,PZY,2847633,JP
2004,6,17,AYU,1478246,CN
2013,2,24,GZX,989822,GB
2015,5,26,TLM,26775,US
2009,4,23,IED,1496443,CN
2014,8,22,YIS,2162204,CA
2002,8,4,GNJ,2902269,GB
2013,8,1,FTJ,3137763,AU
1996,11,21,JNM,2849927,GB
1980,8,16,VUG,2849976,US
1991,3,15,URI,461530,GB
1987,2,9,ITU,465559, 
1994,5,16,SXE,2829445,CA
1984,6,22,RFY,209345,JP
1980,11,20,DTV,642159,JP
2009,9,8,AFP,1049649,GB
1989,4,21,BUQ,2722042, 
1984,11,8,PAT,2329835,NZ
1985,7,18,PAJ,3109573,NZ
1995,11,27,MQP,2220954,AT
1991,6,17,CQJ,711602,AT
2004,12,7,TKQ,2353636,NZ
2010,1,24,GPI,1804983,AT
1989,1,19,BIO,273660, 
2002,8,17,EXJ,2806776,AT
1984,4,27,XVZ,N/A,AT
2000,3,14,KGV,1502228,NZ
2003,9,19,JRB,319370,CN
1980,9,9,AVY,20189,AT
2017,4,5,HIZ,2771666,JP
1989,4,23,SCY,138794,GB
2014,1,12,FGZ,1436951,CN
1993,6,26,CZX,3302399,NZ
1987,7,10,ATU,525370,CA
2009,4,12,YEU,2554577, 
2010,6,1,RQK,2046266,CN
2005,2,10,KSV,391925,ES
2007,4,19,TXY,553990,AT
2017,5,21,ZGE,1255854,AU
1988,4,3,BVA,1332210,AT
1998,12,21,JPQ,1871156,NZ
1982,2,16,POR,2749329,AU
2001,11,19,YMG,2687340,NZ
1980,3,2,MIJ,2409950,ES
2009,3,1,ZOL,2020465,CN
1985,1,20,HAS,1158318,CN
2014,4,5,EUA,3162714,CA
1999,9,7,XDE,1201458,NZ
1989,11,12,FYV,984435,JP
1997,7,22,YZS,2813123,AU
1989,12,18,QTO,1911482,AT
1998,8,14,LSZ,1395890, 
2003,3,6,BZM,2054085,NZ
1982,10,18,YKU,92204,AT
2011,9,17,IGY,3299464,NZ
2011,1,2,GDT,1770395,AT
1984,9,4,DCF,1529629,CN
1994,6,28,BSJ,N/A,CN
1994,9,10,SUJ,2716022,AT
2004,4,21,BUG,191549,US
2005,5,1,YUR,2058124,US
1995,8,13,KNO,N/A,AU
2000,9,23,OMR,2637178,AT
1993,10,24,LNV,2680531, 
2017,3,4,ZAC,2462975,JP
2004,3,12,BOE,2996251,AT
1993,5,13,HJV,1189023,ES
2018,3,15,KNW,1398666,JP
2013,2,3,MHU,1118711,GB
2014,7,21,TCD,2671867,AU
1998,1,13,CJU,3249308,CA
2009,3,24,QBR,1008812,US
1985,1,24,HZY,1424334,AU
2014,7,8,MIX,1026346,JP
1995,5,19,PYN,562866,ES
2006,7,11,RGH,1448363,GB
2003,7,23,SWT,2018537,GB
1984,12,6,ZSR,2303434,JP
1982,6,17,EAP,593154,CN
2015,8,1,QFZ,231068,GB
2009,1,12,DRK,3118601,CA
2009,2,18,ZFN,1895887,AT
2008,12,6,TMW,1812552,CN
2010,11,27,LSM,2313592,AU
2015,4,19,XVY,2029704,GB
2003,5,15,ADN,2592331,AT
2007,8,4,FVC,N/A,ES
2013,6,8,KZY,628146,CA
2017,12,20,PBM,3249102,ES
2017,2,6,QWA,1458049,GB
2010,7,26,SMP,2615810,JP
2014,5,16,ZOU,3230607, 
2016,5,12,IAW,1655759,AT
1984,4,14,ANC,1970620,US
1997,6,28,GIP,138157,AU
2006,5,6,JYC,1589664,CA
1996,2,27,SNL,3254198,US
1999,12,25,DTY,N/A,GB
2010,2,24,BFS,521327,AU
2011,6,13,ZDW,2844661,US
2013,3,20,IKE,615007,GB
1994,11,12,QRM,2346017,CA
2016,8,12,BVM,197904,US
2018,2,27,HJA,3244883,ES
2002,5,24,RXF,2894921,CA
1993,11,23,YOC,1306842,NZ
2007,3,16,JXR,N/A,CN
1987,9,12,GUY,N/A,GB
2015,10,14,MJP,599743,NZ
2011,2,17,SOA,1821826,US
1991,2,1,WVD,1655775,ES
1981,1,14,FKR,1240045,CA
1990,7,9,QKE,980103,CA
2009,1,7,CYD,1271088,CN
1993,10,14,UXV,1039598,AT
1983,12,2,GDX,732316,CN
1998,2,15,JWP,1255338,AT
2005,8,13,OKR,1074946,AU
2010,3,9,WBE,2339126,US
2013,10,27,OXC,2510598,US
2017,4,20,WDC,1777245,US
1989,4,23,ZNB,1417174,ES
1980,11,3,MFG,1564558,ES
2009,1,26,VZW,3155722,US
1985,7,21,TBG,1164842,NZ
2002,6,24,MOP,1808122,NZ
1997,10,6,HTZ,N/A,GB
1985,3,13,YKP,835001,CA
1999,3,25,TNO,1377712,JP
1998,8,8,FHN,1791961,AT
1989,12,25,DQZ,2271185,GB
1995,9,13,PUG,662491,AT
2006,10,13,NCS,1502726,US
1999,6,7,QLZ,1414139,AU
1996,9,1,QZT,1590362,GB
2014,6,15,SFJ,3274310, 
2007,4,19,CTZ,3117730,JP
1991,3,15,XSA,1762875,US
1983,12,5,GQJ,1348775,AT
1992,9,24,JTB,2696782,ES
2016,12,26,HVF,2960771,GB
1983,1,17,RTZ,696371,AU
1990,11,13,LNU,933303,ES
1990,11,11,PYF,1886671,NZ
1992,4,13,NTS,1184927,AT
1987,10,15,COS,973772,CA
2003,10,19,NQT,1127843,ES
1981,10,14,PLY,637996,AU
2012,7,3,NHA,1060706,US
1988,3,11,XNL,2700046,GB
2005,11,22,WXJ,107853, 
2017,6,4,HPK,1511464, 
1997,8,15,CNE,3036405,GB
1994,3,3,XLC,288936,CA
2016,12,5,TJQ,528413,US
2015,9,20,PDW,2607656,NZ
1994,12,25,CHZ,1877142,NZ
2007,1,17,LJX,36515,US
1994,3,17,YUM,752304,AT
2013,11,11,UEG,2224283,JP
2015,9,23,PKS,1210047,CA
2001,9,24,FPX,2238620,AT
2002,2,7,FNP,3008105,CN
1987,2,22,AMR,3313704,JP
2011,10,14,PSK,1635697, 
2010,3,25,CLI,2061708,AU
2010,10,10,FKN,3254732,NZ
1991,12,1,XTQ,2637775,NZ
1998,2,9,MJL,396674,US
1996,10,18,GBX,2977231,AT
2012,10,19,RZS,1632692,ES
1990,9,26,HOV,2964170,NZ
2004,5,5,CRV,N/A,US
1989,10,6,IBS,2269531,GB
1991,9,22,QWJ,1258939,GB
2014,2,12,JMI,2678604,ES
2015,10,19,SRQ,2665618,AT
2005,6,26,NLC,152993,ES
1990,8,18,ONT,106989,GB
2006,7,15,TRH,571411,CA
2013,3,12,KMD,1993098,ES
1995,2,17,GRX,1215167, 
2013,8,3,GAY,1588276, 
1986,12,11,ITO,1594729,US
2009,9,3,LZN,41465,JP
1983,4,27,YZT,2734334,JP
2010,11,2,BAG,2668028,CA
1990,5,21,AEZ,473978,GB
2010,12,23,BMX,2463066,US
1997,6,10,WTC,281347,US
1984,8,25,OSR,2596593,CN
2010,6,13,HYQ,395753,CA
2006,9,18,ZKE,2702065,NZ
2017,12,21,CTE,182360,AU
2002,12,14,AJG,923633,JP
1997,7,3,GEJ,3083977, 
1994,11,14,PIN,745952, 
1994,4,27,LPQ,582995,AT
2010,10,14,KIT,N/A,GB
2004,8,18,PKO,2613683,AU
2013,12,20,PDR,2946481,NZ
1983,4,21,LTE,2292289,US
1985,9,8,TVK,2655749,CA
2018,2,6,XFL,2812474,CA
2018,12,20,JWM,422999,ES
2014,11,7,IHS,925980,JP
2017,9,4,CES,1107600,CA
1986,10,21,PHJ,2380219,US
2006,4,10,EOJ,3096617,ES
2009,5,14,FWK,1075445,NZ
1988,3,6,LUA,1658541,JP
1991,3,7,JNY,59030,AT
1983,7,2,JIX,3068329,NZ
2014,10,1,OUS,1575882,CN
1994,2,5,IEG,932505,GB
2015,7,15,TAG,2571307,CN
1980,8,25,WYR,2929753,CA
1986,6,6,YLU,2950474,CN
1982,4,12,EPT,260476,CA
2018,3,19,IAU,2101017,GB
2003,8,16,LPN,637585,AU
1983,3,20,XLY,663333,CA
1985,12,13,ZOK,1830150,JP
1995,7,23,IUZ,605962,NZ
2000,12,3,HNW,1684913,GB
1990,5,1,SKT,1264404,AT
1988,11,13,VKO,2139376,US
2012,11,23,GLA,1781155,AT
2006,10,20,YQD,2707386,JP
1984,7,15,LRN,N/A,US
2007,6,3,PVM,1651810,ES
1980,2,17,NDX,823842,AU
1982,10,1,IHZ,3174621,AU
2003,7,21,OZS,1602879,JP
2014,1,21,JER,1407302,AU
2002,7,7,MTD,949323,ES
2006,6,17,WVA,824082,AU
2012,5,5,FLR,1848737,ES
2018,6,10,NME,N/A,ES
2012,2,23,NFO,3178829,JP
2007,1,1,GWO,3011705,ES
2018,3,12,FDY,1890808, 
2014,2,26,TEI,377410,JP
2009,6,21,JQM,1458119,US
1998,9,19,CPK,1537397,AT
2001,8,21,ZVO,2313591,US
2011,4,11,OLG,1681191,AU
2012,11,9,BXA,781568,JP
1990,8,7,PNR,841987,CN
2010,2,20,MFU,321297,AT
1984,10,28,WYL,2009421,AU
2003,10,27,GBU,1064792,GB
1995,5,21,RCP,2954901,CN
1983,3,18,ZSB,1979345,CN
2010,1,26,QFZ,2717592, 
1991,7,22,KRX,1434865,ES
2015,6,23,FRD,N/A,NZ
2015,11,1,QIY,64162,NZ
2009,3,15,VGK,81679,AT
1984,11,15,OMU,482090,ES
2000,2,22,KJT,2006112,CA
2017,2,12,TBK,3188454,NZ
1998,8,2,HKT,2944444,ES
2001,7,14,PTD,940559,GB
